喜歡數,回應數,瀏覽數,標題,時間,提問人
1,1,365,新手如何學程式記憶深刻,2023-11-12,nms1319491
0,0,151,網頁接Google第三方登入問題,2023-11-12,yoyokuo2007
0,0,124,Jenkins跑Katalon會一直loading,2023-11-12,hbl030201
1,1,284,excel檔案，裡面有3個活頁簿 如何才能讓3個活頁簿分別獨立出現成3個視窗呢？,2023-11-11,skypara
1,0,496,Hyper-V 不能修改MAC地址為 C9-ED-D0-CE-BF-7F?,2023-11-11,小MIS
1,0,203,"[解決]windows2019 利用工作排程器,執行(.bat) winscp 無法工作",2023-11-10,hahahacja
0,0,230,synology 掛載成網路硬碟 檔案不同步問題,2023-11-10,Alexpeng
1,1,730,有無辦法 讓USB 只能讀但不能寫?,2023-11-10,as789q2004
0,0,260,SRAM不足問題,2023-11-10,jetwen
0,0,226,excel 折線圖、散布圖中，如何讓即時資料的最後一筆圖示標籤呈現不一樣的顏色或形狀,2023-11-10,skypara
0,0,207,在VS安裝此套件後出錯：CommunityToolkit.Mvvm,2023-11-10,yhanshuang
0,1,321,PHP如何將資料庫tree寫出網頁排序,2023-11-09,designer
0,2,694,ChatGPT(免費版)今天是不是陣亡一整個下午了?,2023-11-09,DarwinWatterson
0,2,253,MSSQL 多PIVOT或　EXCEL 樞紐呈現問題,2023-11-09,noway
1,1,365,WIN7 安裝分享印表機出現 0x00000709,2023-11-09,loveotgi
0,2,432,有關EXCEL的自動有順序換行,2023-11-09,et05262000
0,0,323,adobe 疑問,2023-11-09,lion_inin
0,0,255,platform.c檔事做甚麼的?,2023-11-09,jetwen
0,2,342,excel VBA 中應該如何寫才能達到使用類似可以跳到指定範圍的效果，而不是選擇A1的儲存格,2023-11-09,skypara
0,0,454,Line登入問題,2023-11-08,沐夜依星
0,6,454,unifi ap忘記帳密了，能否清除,2023-11-08,breakgod
0,3,795,電腦的網路不穩定，檔案打不開,2023-11-08,a1299321
0,1,368,MySQL連線遺失帳秘問題,2023-11-08,迷路
0,2,224,MySQL json 格式的 wildcard 搜尋問題,2023-11-08,chan15
0,0,377,如何更改FortiAP的LLDP?,2023-11-08,lasthero
0,2,268,node.js下載vue錯誤,2023-11-08,yonghaow88
0,1,343, Windows 11  的環境下用GMAIL 去收發信iCloud  信件,2023-11-08,dandy6
0,1,361,ERP盤點底稿無法取消確認,2023-11-08,ivy1400
0,0,314,M365 Exchange online 可以不使用嗎? 沿用原有的郵件服務器,2023-11-08,hawk
0,1,279,EXCEL 樞紐分析表，計算欄位問題請教,2023-11-08,noway
